{
  "model_type": "improved_stacked_gru",
  "architecture": "GRU (256, 128, 64) + Dense (64, 32)",
  "sequence_length": 24,
  "prediction_horizon": 4,
  "n_features": 68,
  "best_threshold": 0.3,
  "accuracy": 0.312,
  "precision": 0.29292929292929293,
  "recall": 0.9456521739130435,
  "f1_score": 0.4473007712082262,
  "auc": 0.5129522823622202,
  "total_parameters": 444161,
  "timestamp": "2025-10-23T12:24:18.778161"
}