{
  "model_type": "improved_stacked_gru",
  "architecture": "GRU (256, 128, 64) + Dense (64, 32)",
  "sequence_length": 24,
  "prediction_horizon": 4,
  "n_features": 68,
  "best_threshold": 0.3,
  "accuracy": 0.2912,
  "precision": 0.29079159935379645,
  "recall": 0.9782608695652174,
  "f1_score": 0.44831880448318806,
  "auc": 0.4743419106773144,
  "total_parameters": 444161,
  "timestamp": "2025-10-22T20:56:49.794463"
}